total_area,num_rooms,num_bedrooms,num_bathrooms,num_living_rooms,num_kitchens,estimated_cost
69.64,6,3,1,1,1,192727.88
53.3,7,3,2,1,1,136039.7
30.0,4,1,1,1,1,99754.94
146.35,4,1,1,1,1,300830.43
91.98,6,1,3,1,1,167552.94
40.88,6,2,2,1,1,104878.01
84.15,6,1,3,1,1,232317.55
235.44,6,3,1,1,1,461189.8
163.83,5,2,1,1,1,367856.44
154.93,5,2,1,1,1,293943.54
133.78,6,1,3,1,1,233768.17
130.38,8,4,2,1,1,275583.71
89.8,7,3,2,1,1,169499.65
173.11,7,3,2,1,1,432136.76
75.5,6,3,1,1,1,138460.58
153.41,7,3,2,1,1,288694.69
106.59,5,1,2,1,1,206828.55
96.38,7,4,1,1,1,265249.58
118.91,7,3,2,1,1,195004.11
103.83,6,2,2,1,1,233883.56
30.0,5,2,1,1,1,92946.22
152.6,7,3,2,1,1,368826.2
121.75,5,2,1,1,1,280787.26
109.38,6,2,2,1,1,175988.2
30.0,6,3,1,1,1,105968.81
143.08,6,1,3,1,1,326831.49
207.01,9,4,3,1,1,457812.13
75.2,7,4,1,1,1,199008.98
33.7,5,2,1,1,1,106163.04
103.88,6,2,2,1,1,218401.84
104.14,4,1,1,1,1,214560.57
118.55,5,1,2,1,1,194431.47
86.92,7,2,3,1,1,235149.48
147.02,7,2,3,1,1,377044.99
154.37,8,4,2,1,1,333948.58
135.53,7,4,1,1,1,244747.39
107.71,5,1,2,1,1,272864.52
125.74,7,3,2,1,1,243402.01
159.3,6,2,2,1,1,240613.52
95.03,9,4,3,1,1,185206.56
162.59,6,3,1,1,1,355038.79
65.07,4,1,1,1,1,145885.99
193.93,8,4,2,1,1,374594.49
174.14,8,3,3,1,1,312313.15
149.01,5,1,2,1,1,282792.38
126.86,9,4,3,1,1,341193.36
45.54,7,4,1,1,1,142608.47
117.71,8,4,2,1,1,208428.83
151.4,7,2,3,1,1,388269.28
115.78,7,4,1,1,1,252897.47
98.64,4,1,1,1,1,161892.99
91.92,6,1,3,1,1,157929.83
106.84,5,1,2,1,1,245561.39
92.37,5,1,2,1,1,234244.37
132.0,5,2,1,1,1,254909.29
156.88,6,1,3,1,1,385579.83
71.19,8,3,3,1,1,188009.98
215.3,6,3,1,1,1,458287.4
129.96,6,3,1,1,1,288543.16
143.28,5,1,2,1,1,312755.75
217.28,9,4,3,1,1,497993.66
207.44,6,2,2,1,1,375275.1
94.87,7,3,2,1,1,245800.18
105.59,7,2,3,1,1,222079.1
62.67,7,4,1,1,1,143239.02
201.08,6,2,2,1,1,298398.39
98.77,6,3,1,1,1,226149.79
95.41,8,3,3,1,1,207296.0
121.05,6,2,2,1,1,255853.74
120.24,6,2,2,1,1,297468.35
215.08,6,3,1,1,1,355810.19
151.57,4,1,1,1,1,243807.91
168.79,7,4,1,1,1,289612.16
164.01,8,4,2,1,1,339346.56
188.66,5,1,2,1,1,352922.44
228.62,5,2,1,1,1,402346.59
134.04,6,1,3,1,1,321503.91
126.38,7,4,1,1,1,294354.68
159.95,6,2,2,1,1,280894.2
94.98,6,1,3,1,1,198384.33
33.49,7,2,3,1,1,117292.87
156.51,7,4,1,1,1,350005.49
88.57,7,3,2,1,1,231721.5
95.6,6,1,3,1,1,259818.94
174.73,7,2,3,1,1,348246.19
176.6,6,1,3,1,1,275339.0
111.17,9,4,3,1,1,247159.45
143.13,4,1,1,1,1,213155.83
69.98,8,4,2,1,1,200181.26
79.77,5,1,2,1,1,180484.9
130.11,6,3,1,1,1,237233.1
97.23,6,1,3,1,1,170243.94
126.91,7,3,2,1,1,328108.06
121.51,5,2,1,1,1,225014.24
85.01,6,2,2,1,1,195419.38
118.21,7,2,3,1,1,294317.95
38.98,7,4,1,1,1,106935.52
101.48,9,4,3,1,1,263605.64
92.7,7,2,3,1,1,252992.35
94.11,4,1,1,1,1,224106.01
89.45,6,3,1,1,1,205733.09
171.4,7,4,1,1,1,428465.32
124.72,8,3,3,1,1,235726.68
91.69,8,3,3,1,1,176351.61
168.02,7,3,2,1,1,378985.8
104.2,7,2,3,1,1,218812.39
165.19,7,2,3,1,1,355306.01
160.09,7,4,1,1,1,260463.24
144.99,9,4,3,1,1,291802.74
104.29,9,4,3,1,1,214420.54
134.11,4,1,1,1,1,321263.55
136.51,4,1,1,1,1,220846.41
152.24,5,1,2,1,1,327233.91
149.9,8,3,3,1,1,383238.47
177.21,7,4,1,1,1,428726.08
148.27,7,4,1,1,1,249972.01
109.0,4,1,1,1,1,272501.92
143.11,7,3,2,1,1,266379.27
146.22,6,1,3,1,1,340411.81
201.12,5,1,2,1,1,488679.86
153.17,7,2,3,1,1,398484.2
122.79,8,4,2,1,1,305109.94
162.52,7,2,3,1,1,261047.06
118.24,8,3,3,1,1,218480.69
121.7,7,3,2,1,1,259515.86
121.99,7,3,2,1,1,324752.9
109.85,6,2,2,1,1,234944.02
67.28,6,3,1,1,1,188712.12
99.42,4,1,1,1,1,207128.92
125.01,6,2,2,1,1,214460.28
113.78,6,3,1,1,1,202805.59
123.71,6,3,1,1,1,301156.72
30.0,6,2,2,1,1,89453.52
76.61,6,2,2,1,1,136052.45
107.99,6,3,1,1,1,200393.72
123.78,4,1,1,1,1,210153.41
81.6,4,1,1,1,1,159170.98
85.3,8,4,2,1,1,221846.53
179.55,8,4,2,1,1,293006.41
228.59,6,2,2,1,1,544090.44
114.02,9,4,3,1,1,271931.04
121.1,6,3,1,1,1,264166.47
119.51,7,2,3,1,1,297891.85
40.74,5,2,1,1,1,89615.16
128.19,9,4,3,1,1,254747.72
107.78,7,2,3,1,1,280725.31
123.59,8,3,3,1,1,313347.92
141.39,7,2,3,1,1,367162.0
106.92,9,4,3,1,1,277663.88
155.6,6,3,1,1,1,248463.17
81.22,7,2,3,1,1,178414.35
69.31,5,2,1,1,1,144572.9
74.09,7,2,3,1,1,181458.1
116.41,6,3,1,1,1,280808.11
102.65,9,4,3,1,1,275021.99
149.56,9,4,3,1,1,269525.93
118.35,6,1,3,1,1,215285.74
151.95,8,4,2,1,1,285700.23
123.04,9,4,3,1,1,342818.58
130.04,9,4,3,1,1,310400.72
121.95,9,4,3,1,1,270832.83
111.4,7,2,3,1,1,293543.74
83.52,6,2,2,1,1,212988.83
147.0,6,1,3,1,1,312812.36
94.15,8,3,3,1,1,173868.67
112.59,7,2,3,1,1,228064.19
150.05,7,3,2,1,1,295321.78
179.72,6,1,3,1,1,408788.46
62.31,8,4,2,1,1,165115.53
136.33,5,1,2,1,1,265144.6
143.62,7,4,1,1,1,366810.78
170.09,9,4,3,1,1,392905.9
96.54,7,2,3,1,1,194150.65
111.41,5,2,1,1,1,171593.97
167.21,8,3,3,1,1,305656.92
115.0,6,2,2,1,1,260886.66
163.74,7,2,3,1,1,359453.08
59.72,4,1,1,1,1,154983.47
163.31,6,1,3,1,1,289843.6
71.9,5,2,1,1,1,128263.56
100.16,7,2,3,1,1,209852.84
175.44,5,2,1,1,1,310882.1
167.9,7,2,3,1,1,411470.58
193.12,7,4,1,1,1,358321.45
128.72,7,3,2,1,1,204286.76
153.64,7,2,3,1,1,374509.63
113.71,6,1,3,1,1,225718.69
95.06,6,1,3,1,1,182334.06
60.16,5,2,1,1,1,127330.07
144.8,8,4,2,1,1,284870.55
119.7,8,4,2,1,1,230097.25
67.98,8,4,2,1,1,190087.93
99.49,6,1,3,1,1,277482.81
61.95,6,1,3,1,1,149541.71
68.66,6,1,3,1,1,140756.75
136.28,8,3,3,1,1,241140.86
172.25,5,1,2,1,1,283738.0
168.02,9,4,3,1,1,388159.53
115.0,7,3,2,1,1,259710.19
145.82,9,4,3,1,1,274838.91
134.42,5,2,1,1,1,223352.6
206.85,7,4,1,1,1,493070.41
167.5,6,2,2,1,1,310141.85
138.38,4,1,1,1,1,235850.61
124.95,7,3,2,1,1,316836.42
147.62,6,2,2,1,1,341868.99
118.23,9,4,3,1,1,230305.82
85.54,8,3,3,1,1,169838.65
137.07,6,1,3,1,1,285510.37
139.65,7,4,1,1,1,231169.93
119.47,6,2,2,1,1,271179.87
151.95,6,2,2,1,1,355904.68
134.39,6,1,3,1,1,218950.13
118.82,8,4,2,1,1,238189.19
192.29,7,4,1,1,1,367055.68
142.39,6,1,3,1,1,325237.37
126.72,7,4,1,1,1,342331.19
143.22,7,3,2,1,1,303980.39
115.12,8,4,2,1,1,241151.16
112.63,5,1,2,1,1,217815.48
110.31,7,2,3,1,1,236712.46
118.96,4,1,1,1,1,294296.58
50.42,8,4,2,1,1,157940.22
138.43,7,2,3,1,1,228235.42
63.18,8,4,2,1,1,175627.56
83.08,5,1,2,1,1,150925.24
68.18,6,3,1,1,1,187557.33
98.7,9,4,3,1,1,251966.19
112.6,5,1,2,1,1,237406.91
93.81,9,4,3,1,1,227405.14
155.11,7,4,1,1,1,386996.13
98.96,7,2,3,1,1,223557.86
116.88,7,2,3,1,1,255105.8
103.57,7,2,3,1,1,266585.61
76.39,6,1,3,1,1,192017.26
35.12,7,3,2,1,1,123021.49
91.81,6,1,3,1,1,191188.48
204.47,5,1,2,1,1,424234.15
53.82,5,2,1,1,1,132589.03
122.31,8,3,3,1,1,272964.38
133.96,7,2,3,1,1,253528.09
148.72,9,4,3,1,1,376657.83
56.28,7,4,1,1,1,121136.31
160.73,5,1,2,1,1,263514.46
143.65,5,2,1,1,1,276292.6
113.18,7,3,2,1,1,284286.12
134.41,8,3,3,1,1,248130.62
30.0,5,2,1,1,1,95966.23
113.91,7,3,2,1,1,306192.81
122.84,7,4,1,1,1,289275.93
128.51,4,1,1,1,1,231119.09
142.09,7,4,1,1,1,325897.89
107.06,6,3,1,1,1,195436.78
87.48,6,2,2,1,1,222571.1
131.36,9,4,3,1,1,221894.41
129.9,6,2,2,1,1,251577.01
115.78,6,2,2,1,1,190837.9
147.61,9,4,3,1,1,264056.07
118.0,5,2,1,1,1,246113.51
86.49,6,3,1,1,1,219328.17
187.92,9,4,3,1,1,473031.77
54.97,7,4,1,1,1,137026.18
114.2,8,3,3,1,1,320838.64
139.27,7,3,2,1,1,321322.12
160.06,5,2,1,1,1,358700.75
183.25,5,1,2,1,1,367248.25
122.01,6,1,3,1,1,276034.66
49.6,7,2,3,1,1,136857.52
73.4,9,4,3,1,1,230562.0
136.48,6,2,2,1,1,222670.38
55.12,4,1,1,1,1,118353.24
119.68,5,2,1,1,1,300635.16
84.42,7,2,3,1,1,180848.91
89.13,6,2,2,1,1,226368.49
121.46,6,3,1,1,1,254023.35
109.48,7,4,1,1,1,285147.97
119.72,7,4,1,1,1,263138.54
69.73,8,3,3,1,1,169248.94
190.91,6,1,3,1,1,414981.11
58.01,7,4,1,1,1,173224.67
128.27,7,3,2,1,1,290577.05
47.95,5,1,2,1,1,120156.16
134.58,8,4,2,1,1,286914.86
147.28,9,4,3,1,1,384570.53
233.73,5,2,1,1,1,462020.84
107.4,7,3,2,1,1,202049.88
136.39,6,3,1,1,1,307826.62
101.51,7,2,3,1,1,256756.11
129.22,5,1,2,1,1,321219.42
155.5,9,4,3,1,1,378041.5
150.52,4,1,1,1,1,348839.03
109.28,5,1,2,1,1,283762.06
156.78,5,1,2,1,1,360311.7
130.39,7,3,2,1,1,250745.88
140.65,6,3,1,1,1,229857.6
166.06,8,3,3,1,1,296593.36
150.14,6,2,2,1,1,329880.81
132.07,6,1,3,1,1,280529.86
173.99,6,3,1,1,1,280927.47
100.16,6,3,1,1,1,256254.65
142.54,5,2,1,1,1,330922.44
124.81,5,2,1,1,1,296904.19
160.84,8,4,2,1,1,418106.4
142.09,6,1,3,1,1,297477.64
174.4,5,1,2,1,1,330774.32
153.92,5,2,1,1,1,349784.56
146.85,5,2,1,1,1,327084.67
102.42,8,3,3,1,1,200497.6
95.78,8,4,2,1,1,222011.21
74.95,6,3,1,1,1,146161.46
135.11,9,4,3,1,1,345135.86
142.03,9,4,3,1,1,292909.1
110.62,7,3,2,1,1,193658.26
159.85,8,3,3,1,1,307317.82
159.2,5,2,1,1,1,331866.31
109.64,6,3,1,1,1,191300.36
122.12,7,4,1,1,1,301892.88
152.08,4,1,1,1,1,373114.48
171.78,5,2,1,1,1,379678.7
135.33,6,1,3,1,1,285271.87
117.33,7,2,3,1,1,264194.8
184.57,6,2,2,1,1,314474.76
131.57,5,1,2,1,1,311841.98
58.37,7,4,1,1,1,153828.56
116.5,7,2,3,1,1,258126.02
151.76,4,1,1,1,1,291348.24
100.2,9,4,3,1,1,192387.18
117.51,7,3,2,1,1,274587.23
115.99,7,3,2,1,1,199419.5
124.49,5,1,2,1,1,230518.06
114.42,5,1,2,1,1,183519.5
182.07,6,2,2,1,1,389264.88
107.26,7,4,1,1,1,260187.71
146.08,8,4,2,1,1,383363.97
110.57,7,2,3,1,1,196160.2
34.89,7,3,2,1,1,120248.43
149.92,7,3,2,1,1,384565.94
81.7,9,4,3,1,1,212186.26
117.0,6,3,1,1,1,197520.34
158.84,6,1,3,1,1,351972.15
145.18,6,3,1,1,1,307456.75
99.47,7,2,3,1,1,276621.27
30.0,9,4,3,1,1,118120.39
81.02,9,4,3,1,1,190402.26
74.45,7,4,1,1,1,196137.51
124.37,9,4,3,1,1,334958.29
147.3,6,2,2,1,1,310292.54
73.25,6,3,1,1,1,157979.84
140.9,4,1,1,1,1,273891.95
56.94,7,4,1,1,1,169092.83
88.42,6,3,1,1,1,169839.54
68.35,8,3,3,1,1,181915.68
30.0,6,2,2,1,1,115142.65
67.71,6,3,1,1,1,133449.64
114.98,9,4,3,1,1,204988.26
92.27,7,4,1,1,1,246824.97
108.61,9,4,3,1,1,254557.65
141.07,9,4,3,1,1,288901.98
142.49,8,3,3,1,1,266653.0
148.76,8,4,2,1,1,388479.66
114.19,6,1,3,1,1,207725.96
171.13,4,1,1,1,1,292109.51
155.95,4,1,1,1,1,222230.1
115.35,5,2,1,1,1,255181.83
120.21,8,3,3,1,1,233338.29
62.43,5,1,2,1,1,165900.83
62.48,6,1,3,1,1,165938.81
78.17,5,1,2,1,1,210585.55
138.14,5,1,2,1,1,220339.29
93.03,9,4,3,1,1,245601.75
133.68,5,1,2,1,1,259196.97
140.09,6,2,2,1,1,269177.39
73.73,5,1,2,1,1,207721.83
76.79,8,4,2,1,1,200921.14
165.11,6,3,1,1,1,395693.83
30.0,5,1,2,1,1,81371.86
154.17,6,3,1,1,1,280790.12
57.98,4,1,1,1,1,136841.46
84.86,6,3,1,1,1,148986.68
138.82,4,1,1,1,1,286997.82
130.37,6,3,1,1,1,290779.73
102.68,7,4,1,1,1,194123.42
109.13,5,1,2,1,1,180472.22
134.1,5,1,2,1,1,286224.11
58.99,5,2,1,1,1,127841.18
30.0,7,4,1,1,1,105559.53
97.87,8,4,2,1,1,197910.91
119.82,5,1,2,1,1,310463.23
138.54,7,2,3,1,1,327761.76
85.28,7,3,2,1,1,164310.11
123.11,7,4,1,1,1,312879.24
142.45,7,2,3,1,1,233791.67
108.25,8,4,2,1,1,297255.53
137.94,7,2,3,1,1,243029.27
166.1,6,1,3,1,1,403809.82
179.89,7,3,2,1,1,354784.74
92.89,7,2,3,1,1,169910.6
134.41,6,3,1,1,1,217225.66
123.86,8,3,3,1,1,323741.43
185.97,5,1,2,1,1,390517.71
123.98,6,3,1,1,1,232387.55
170.84,6,1,3,1,1,367677.6
101.87,4,1,1,1,1,198844.89
176.2,5,2,1,1,1,326568.19
179.95,7,4,1,1,1,408357.37
72.89,5,1,2,1,1,166676.01
142.71,6,3,1,1,1,315661.46
103.05,6,2,2,1,1,212082.03
127.61,7,3,2,1,1,242954.42
131.04,5,1,2,1,1,233572.44
145.99,9,4,3,1,1,328417.9
113.19,7,3,2,1,1,291837.02
192.28,9,4,3,1,1,334952.19
137.87,4,1,1,1,1,279311.24
35.55,8,3,3,1,1,115219.65
150.56,7,2,3,1,1,373757.01
103.45,5,2,1,1,1,178121.24
71.99,7,3,2,1,1,179786.02
158.77,9,4,3,1,1,419412.93
169.83,7,4,1,1,1,310915.17
113.29,7,2,3,1,1,223267.46
122.1,9,4,3,1,1,233690.39
86.63,4,1,1,1,1,218636.23
162.97,6,1,3,1,1,349712.63
104.09,5,2,1,1,1,218612.51
164.0,6,3,1,1,1,292127.05
144.02,6,1,3,1,1,367824.18
115.83,8,4,2,1,1,223644.63
97.2,9,4,3,1,1,233614.17
118.56,9,4,3,1,1,261049.33
93.02,7,2,3,1,1,227909.54
110.67,7,3,2,1,1,263014.11
126.88,6,1,3,1,1,335189.29
128.64,9,4,3,1,1,285308.06
106.62,6,2,2,1,1,197792.83
90.16,8,3,3,1,1,221687.08
137.53,6,1,3,1,1,260878.5
30.0,9,4,3,1,1,133235.8
102.93,5,2,1,1,1,190490.44
65.5,6,1,3,1,1,160736.97
129.9,7,4,1,1,1,266727.6
112.32,7,4,1,1,1,229059.76
70.54,7,3,2,1,1,202302.16
126.54,7,2,3,1,1,241854.85
169.79,7,4,1,1,1,321901.02
63.51,7,2,3,1,1,132262.43
147.17,5,2,1,1,1,339041.58
61.2,7,4,1,1,1,176932.96
140.69,6,2,2,1,1,230807.67
102.93,4,1,1,1,1,206605.63
112.1,7,4,1,1,1,277458.2
154.11,6,3,1,1,1,306618.45
170.1,9,4,3,1,1,298297.6
120.32,8,4,2,1,1,298740.25
131.98,6,3,1,1,1,318471.21
111.45,5,1,2,1,1,211150.93
160.5,8,4,2,1,1,357074.74
153.82,4,1,1,1,1,287165.68
213.07,8,4,2,1,1,488406.51
117.97,5,2,1,1,1,191522.8
183.48,8,4,2,1,1,360036.0
116.93,7,4,1,1,1,274682.25
94.56,5,2,1,1,1,232798.4
128.05,5,2,1,1,1,293822.38
148.81,5,2,1,1,1,359554.18
156.89,6,1,3,1,1,396947.49
123.38,9,4,3,1,1,262190.01
89.23,6,3,1,1,1,186120.61
117.1,8,3,3,1,1,222200.51
113.88,8,3,3,1,1,208989.54
86.02,8,4,2,1,1,190497.19
109.44,5,1,2,1,1,189666.07
223.39,7,4,1,1,1,413014.81
87.3,8,3,3,1,1,166081.7
66.49,7,4,1,1,1,139903.67
76.18,5,2,1,1,1,147009.68
98.88,8,4,2,1,1,207649.68
150.18,8,4,2,1,1,341835.76
120.15,5,1,2,1,1,230308.83
93.63,7,4,1,1,1,207587.73
67.51,6,3,1,1,1,140751.75
91.88,8,3,3,1,1,199828.96
92.88,7,2,3,1,1,165918.51
74.89,8,4,2,1,1,205267.61
147.26,6,1,3,1,1,298033.57
160.99,5,1,2,1,1,325072.2
85.52,5,1,2,1,1,165718.73
65.4,7,4,1,1,1,132020.96
162.54,6,3,1,1,1,304064.09
105.62,8,3,3,1,1,244765.58
143.86,8,3,3,1,1,363681.4
86.79,4,1,1,1,1,186102.01
198.79,6,1,3,1,1,421174.68
87.02,5,2,1,1,1,229799.0
89.61,7,4,1,1,1,239469.52
157.97,8,3,3,1,1,381466.19
89.44,6,3,1,1,1,166199.73
111.02,5,2,1,1,1,258857.19
101.01,7,2,3,1,1,222799.94
129.49,7,4,1,1,1,222378.77
159.18,6,2,2,1,1,313045.55
163.73,6,2,2,1,1,340068.46
107.35,5,1,2,1,1,230065.32
148.36,7,3,2,1,1,281239.7
116.17,5,2,1,1,1,288070.29
179.45,7,4,1,1,1,310926.35
127.05,9,4,3,1,1,244618.96
119.6,6,2,2,1,1,211256.1
76.09,9,4,3,1,1,229035.32
145.95,6,1,3,1,1,296559.89
222.26,5,1,2,1,1,346795.75
176.86,9,4,3,1,1,452037.67
133.61,7,4,1,1,1,234231.8
134.75,8,3,3,1,1,257562.79
90.93,6,3,1,1,1,214056.78
30.0,6,1,3,1,1,112187.51
56.74,6,2,2,1,1,161554.85
151.84,7,2,3,1,1,269535.23
148.15,4,1,1,1,1,334399.88
104.34,4,1,1,1,1,188035.36
150.49,5,2,1,1,1,297865.17
130.34,6,2,2,1,1,238196.44
156.86,8,3,3,1,1,349359.22
110.06,7,4,1,1,1,236019.58
116.29,8,4,2,1,1,253499.86
124.72,9,4,3,1,1,304826.22
103.14,5,1,2,1,1,177176.62
155.41,7,3,2,1,1,287787.26
108.2,5,1,2,1,1,217481.92
89.01,9,4,3,1,1,190047.28
97.96,5,1,2,1,1,231950.37
134.11,6,3,1,1,1,302554.94
110.3,4,1,1,1,1,245554.58
59.97,6,2,2,1,1,185910.12
185.45,6,3,1,1,1,355651.43
121.28,8,4,2,1,1,283500.85
127.85,5,2,1,1,1,222984.12
121.87,6,3,1,1,1,204363.05
109.15,4,1,1,1,1,194275.57
125.61,5,2,1,1,1,256690.05
85.46,9,4,3,1,1,214397.42
104.16,9,4,3,1,1,251392.46
128.55,5,2,1,1,1,228747.78
205.01,7,2,3,1,1,386684.71
94.56,6,1,3,1,1,184093.53
95.19,7,3,2,1,1,219202.2
38.63,8,3,3,1,1,138474.95
129.01,5,1,2,1,1,268269.48
118.95,9,4,3,1,1,278258.65
150.51,8,3,3,1,1,368601.77
145.6,6,1,3,1,1,273358.64
126.06,8,3,3,1,1,324464.91
127.81,5,1,2,1,1,219162.11
113.49,5,1,2,1,1,224906.71
30.0,8,3,3,1,1,120498.54
173.89,4,1,1,1,1,327344.05
137.52,7,3,2,1,1,263522.13
88.69,6,2,2,1,1,247043.6
174.96,7,3,2,1,1,351312.14
70.94,8,3,3,1,1,204361.99
101.96,6,3,1,1,1,244688.92
96.95,8,4,2,1,1,224886.71
96.48,5,1,2,1,1,169960.19
166.31,9,4,3,1,1,307724.37
95.83,7,3,2,1,1,198581.8
95.55,4,1,1,1,1,210022.74
109.56,6,1,3,1,1,205240.13
124.9,6,3,1,1,1,212427.97
122.7,7,3,2,1,1,222825.48
117.05,6,2,2,1,1,232949.43
145.49,5,1,2,1,1,233056.45
104.15,5,2,1,1,1,220657.08
156.66,6,1,3,1,1,381396.83
62.08,4,1,1,1,1,160312.53
78.54,7,4,1,1,1,216882.75
128.86,6,3,1,1,1,307185.91
118.88,9,4,3,1,1,336044.44
102.24,8,3,3,1,1,248042.43
112.92,5,1,2,1,1,221471.61
58.03,7,2,3,1,1,175756.19
189.49,7,3,2,1,1,360003.76
66.56,5,2,1,1,1,132322.96
133.51,5,2,1,1,1,323614.41
184.59,6,2,2,1,1,330066.01
89.07,4,1,1,1,1,206774.56
157.1,6,3,1,1,1,274087.64
81.51,7,4,1,1,1,179220.25
91.48,6,3,1,1,1,243034.45
135.17,6,3,1,1,1,338798.23
62.78,7,3,2,1,1,189868.88
72.61,9,4,3,1,1,227918.54
132.96,7,2,3,1,1,273993.83
138.88,5,2,1,1,1,241445.21
173.36,7,2,3,1,1,378077.62
88.5,7,3,2,1,1,239009.85
167.12,9,4,3,1,1,295928.41
127.17,7,2,3,1,1,253395.51
165.67,6,2,2,1,1,294976.95
158.3,5,1,2,1,1,234174.27
103.0,5,2,1,1,1,257005.62
152.93,9,4,3,1,1,380244.24
132.27,6,1,3,1,1,279155.88
119.83,6,1,3,1,1,264348.38
85.25,6,1,3,1,1,231222.22
80.56,6,1,3,1,1,205366.61
90.16,5,1,2,1,1,195747.42
146.96,5,1,2,1,1,278587.42
67.78,6,2,2,1,1,143518.34
116.14,5,2,1,1,1,192777.74
121.64,7,3,2,1,1,281367.3
83.41,5,1,2,1,1,190279.31
195.56,9,4,3,1,1,435557.05
172.87,6,3,1,1,1,324630.89
57.3,7,4,1,1,1,128601.66
87.92,6,2,2,1,1,236439.14
146.17,7,4,1,1,1,324806.08
85.29,6,1,3,1,1,209213.71
30.0,8,4,2,1,1,103074.58
173.4,5,1,2,1,1,415479.26
121.5,9,4,3,1,1,331733.96
138.98,7,4,1,1,1,228277.06
192.28,6,2,2,1,1,390815.41
162.93,6,3,1,1,1,298489.16
56.57,5,1,2,1,1,123112.73
99.44,7,2,3,1,1,199113.41
127.34,7,3,2,1,1,304589.22
88.41,4,1,1,1,1,168252.99
199.32,6,3,1,1,1,420894.74
53.96,6,3,1,1,1,145691.13
55.98,5,1,2,1,1,170344.47
138.26,5,1,2,1,1,273860.87
97.53,6,2,2,1,1,198591.08
110.77,9,4,3,1,1,257544.34
146.77,6,2,2,1,1,341327.97
163.18,7,3,2,1,1,269179.66
71.94,8,4,2,1,1,216647.67
69.94,9,4,3,1,1,185440.59
139.57,9,4,3,1,1,351657.12
90.51,7,3,2,1,1,213454.64
118.76,6,2,2,1,1,276098.64
235.31,6,2,2,1,1,399559.06
156.93,6,1,3,1,1,389259.29
141.16,6,1,3,1,1,287587.0
155.58,8,3,3,1,1,258892.53
116.95,7,3,2,1,1,203338.47
140.89,8,4,2,1,1,267541.52
172.42,8,3,3,1,1,420055.9
55.55,4,1,1,1,1,144111.09
139.22,6,2,2,1,1,258566.44
87.61,6,1,3,1,1,185139.89
37.96,6,3,1,1,1,98260.81
85.53,6,3,1,1,1,164396.65
115.48,7,3,2,1,1,227645.89
219.88,4,1,1,1,1,416621.46
67.83,8,4,2,1,1,144879.31
160.43,8,4,2,1,1,314344.81
80.3,8,3,3,1,1,237624.64
180.06,8,3,3,1,1,362764.96
86.24,4,1,1,1,1,216205.37
180.06,8,4,2,1,1,282068.72
116.05,8,4,2,1,1,286816.72
120.31,6,3,1,1,1,248877.52
142.85,6,3,1,1,1,254062.59
99.25,6,2,2,1,1,213132.71
121.7,5,1,2,1,1,190455.76
101.6,7,2,3,1,1,214762.62
89.18,5,1,2,1,1,214939.97
113.23,6,3,1,1,1,235718.15
119.57,8,3,3,1,1,294185.78
151.03,9,4,3,1,1,285478.18
124.73,7,2,3,1,1,259693.22
209.73,5,2,1,1,1,389248.53
116.26,6,2,2,1,1,202302.74
101.83,4,1,1,1,1,249630.52
121.32,7,4,1,1,1,292502.08
97.03,8,4,2,1,1,245074.49
161.2,4,1,1,1,1,360817.01
138.7,4,1,1,1,1,214226.88
142.23,6,3,1,1,1,347217.68
101.45,7,3,2,1,1,178160.33
242.3,9,4,3,1,1,482869.82
47.83,7,2,3,1,1,149196.92
167.1,9,4,3,1,1,421219.88
128.83,9,4,3,1,1,255556.66
79.41,4,1,1,1,1,177840.32
134.84,8,3,3,1,1,249623.99
84.99,8,4,2,1,1,241369.23
151.61,7,2,3,1,1,281448.7
100.14,8,3,3,1,1,277403.31
93.67,7,2,3,1,1,194127.28
81.55,7,3,2,1,1,152513.31
104.54,5,1,2,1,1,208991.44
61.05,7,2,3,1,1,181016.71
76.08,9,4,3,1,1,210815.29
102.74,6,2,2,1,1,285370.81
150.95,6,1,3,1,1,374818.19
109.69,8,3,3,1,1,256292.34
173.43,9,4,3,1,1,365068.87
163.37,5,2,1,1,1,344253.2
72.31,5,2,1,1,1,163673.44
107.01,5,2,1,1,1,223367.66
52.61,5,1,2,1,1,156880.61
86.44,6,3,1,1,1,203590.03
96.33,8,3,3,1,1,190939.05
111.08,8,3,3,1,1,227105.62
145.94,5,1,2,1,1,359969.38
185.43,7,2,3,1,1,322087.4
122.0,6,2,2,1,1,309265.34
137.83,8,3,3,1,1,268507.83
61.76,7,4,1,1,1,175178.83
157.85,7,4,1,1,1,391239.47
65.44,8,4,2,1,1,158423.27
172.2,7,2,3,1,1,295498.27
84.73,8,3,3,1,1,211224.97
136.04,7,4,1,1,1,291355.35
106.23,7,3,2,1,1,206142.61
88.35,8,4,2,1,1,238814.17
223.21,7,2,3,1,1,457013.57
195.05,9,4,3,1,1,388641.73
154.48,8,4,2,1,1,298161.57
167.59,6,1,3,1,1,291245.99
82.55,6,1,3,1,1,212182.82
94.45,7,2,3,1,1,175849.88
149.6,4,1,1,1,1,366702.43
73.01,5,1,2,1,1,203163.95
172.94,5,1,2,1,1,309269.21
100.23,6,2,2,1,1,170087.78
131.53,5,1,2,1,1,307530.89
115.14,5,1,2,1,1,234023.07
30.0,7,4,1,1,1,82384.2
57.6,8,4,2,1,1,139977.16
89.82,5,2,1,1,1,170099.19
170.88,9,4,3,1,1,387767.09
163.76,7,3,2,1,1,271881.14
137.57,6,1,3,1,1,291374.91
135.91,8,4,2,1,1,296078.52
104.18,9,4,3,1,1,208199.4
121.52,8,4,2,1,1,209125.06
111.7,5,2,1,1,1,238539.55
98.67,6,1,3,1,1,161149.25
96.66,7,2,3,1,1,242014.79
94.17,6,2,2,1,1,165525.94
181.58,7,3,2,1,1,311596.06
171.91,9,4,3,1,1,306493.73
179.5,5,1,2,1,1,346132.12
98.0,5,2,1,1,1,255012.1
82.31,6,1,3,1,1,200040.17
92.39,7,4,1,1,1,237805.11
143.54,8,3,3,1,1,381677.24
173.26,7,3,2,1,1,273992.46
164.3,5,1,2,1,1,351703.66
158.4,9,4,3,1,1,386636.41
138.78,6,1,3,1,1,241414.56
53.06,6,1,3,1,1,119793.98
122.43,6,3,1,1,1,313228.77
68.72,7,3,2,1,1,162062.46
119.54,6,2,2,1,1,222361.86
157.16,7,2,3,1,1,342073.87
177.06,7,4,1,1,1,425540.16
115.19,5,1,2,1,1,207114.13
64.96,5,1,2,1,1,163329.21
137.65,8,3,3,1,1,277983.73
200.3,6,2,2,1,1,314225.54
143.62,6,3,1,1,1,253338.87
69.2,7,3,2,1,1,188667.03
104.75,9,4,3,1,1,239321.32
92.12,7,3,2,1,1,252996.55
113.43,6,2,2,1,1,259564.35
159.78,6,2,2,1,1,387709.55
76.93,5,2,1,1,1,141390.86
118.5,8,4,2,1,1,271330.58
109.73,8,3,3,1,1,268152.05
167.94,6,3,1,1,1,295887.59
100.4,7,4,1,1,1,260155.42
91.18,5,2,1,1,1,190123.66
95.77,6,1,3,1,1,228697.62
129.24,9,4,3,1,1,318764.04
134.08,9,4,3,1,1,348476.33
121.05,8,4,2,1,1,290893.16
159.23,6,1,3,1,1,362486.14
126.41,8,3,3,1,1,339485.67
177.17,6,2,2,1,1,419279.39
125.44,6,1,3,1,1,231463.53
79.64,9,4,3,1,1,201541.24
149.58,5,1,2,1,1,293746.54
92.82,9,4,3,1,1,272571.91
83.36,9,4,3,1,1,249683.45
128.66,6,3,1,1,1,250799.79
31.18,5,2,1,1,1,83453.31
136.67,6,2,2,1,1,345287.86
103.66,8,3,3,1,1,240961.98
78.11,4,1,1,1,1,166363.56
109.63,6,1,3,1,1,265688.77
158.29,6,2,2,1,1,367498.3
87.74,7,3,2,1,1,163911.54
85.4,6,3,1,1,1,219831.09
84.05,8,3,3,1,1,170875.2
167.4,6,1,3,1,1,358408.95
83.02,5,1,2,1,1,161743.83
96.94,6,3,1,1,1,212581.99
104.16,8,4,2,1,1,255451.68
104.51,7,2,3,1,1,255163.06
142.44,6,2,2,1,1,284582.45
55.43,7,3,2,1,1,158619.35
82.35,5,1,2,1,1,178665.02
162.57,9,4,3,1,1,348682.65
159.06,6,3,1,1,1,399328.16
110.17,7,3,2,1,1,264745.28
130.29,7,4,1,1,1,285087.11
111.44,6,3,1,1,1,273004.44
149.14,6,3,1,1,1,247290.64
171.24,5,2,1,1,1,307019.66
150.03,7,3,2,1,1,287168.86
164.25,7,4,1,1,1,364090.7
162.76,6,2,2,1,1,259606.76
185.86,5,2,1,1,1,451836.31
134.14,5,1,2,1,1,216192.56
162.24,9,4,3,1,1,383140.93
186.1,7,3,2,1,1,428362.87
119.43,8,4,2,1,1,205098.35
66.44,8,3,3,1,1,189388.91
48.04,4,1,1,1,1,126050.18
166.24,4,1,1,1,1,246347.34
104.86,8,3,3,1,1,219518.71
123.26,7,4,1,1,1,221923.28
107.4,9,4,3,1,1,237112.06
120.76,5,2,1,1,1,231948.27
164.03,5,1,2,1,1,354048.68
109.17,5,1,2,1,1,248622.06
115.96,7,4,1,1,1,292024.16
121.06,8,4,2,1,1,255294.51
118.46,8,3,3,1,1,251156.98
76.79,6,3,1,1,1,180552.48
121.11,7,4,1,1,1,235252.66
232.14,9,4,3,1,1,501729.85
100.6,6,1,3,1,1,183058.73
101.6,7,3,2,1,1,232881.43
116.67,6,1,3,1,1,302772.65
156.1,7,3,2,1,1,267133.87
168.38,9,4,3,1,1,284254.82
135.08,6,3,1,1,1,335425.76
124.93,8,4,2,1,1,310290.34
81.11,9,4,3,1,1,225580.2
182.46,7,2,3,1,1,300293.02
139.83,7,3,2,1,1,358511.12
124.08,6,3,1,1,1,287338.95
111.07,4,1,1,1,1,245873.25
118.29,4,1,1,1,1,235775.92
84.52,4,1,1,1,1,220058.31
132.68,8,3,3,1,1,333559.2
108.62,4,1,1,1,1,211496.23
52.25,4,1,1,1,1,147271.23
100.19,5,1,2,1,1,187754.17
99.7,8,3,3,1,1,213445.22
118.56,8,4,2,1,1,204958.73
80.02,6,3,1,1,1,178082.04
97.35,8,3,3,1,1,227952.35
161.71,8,3,3,1,1,398037.99
146.28,9,4,3,1,1,370176.61
169.6,4,1,1,1,1,413948.74
69.34,7,4,1,1,1,141813.04
98.21,4,1,1,1,1,224856.91
163.04,7,3,2,1,1,399355.8
103.87,8,3,3,1,1,203305.56
56.56,5,1,2,1,1,158324.4
159.71,8,4,2,1,1,378943.51
101.5,5,1,2,1,1,218301.45
158.08,7,3,2,1,1,282960.18
98.52,7,2,3,1,1,263004.29
87.87,6,1,3,1,1,170632.95
114.29,4,1,1,1,1,251094.44
133.47,4,1,1,1,1,325494.07
116.06,6,3,1,1,1,231030.06
84.4,8,4,2,1,1,243386.28
165.67,6,1,3,1,1,351629.43
52.02,7,3,2,1,1,120770.7
222.01,5,2,1,1,1,347070.24
79.11,7,2,3,1,1,188774.36
126.88,7,4,1,1,1,312651.78
100.8,5,2,1,1,1,230428.77
65.31,5,2,1,1,1,166922.68
119.24,6,2,2,1,1,215794.11
136.83,6,2,2,1,1,317114.03
99.58,4,1,1,1,1,152772.26
66.07,6,3,1,1,1,181741.32
36.21,5,2,1,1,1,100741.73
147.53,7,2,3,1,1,249516.52
117.91,4,1,1,1,1,239656.24
86.57,5,1,2,1,1,200578.12
71.95,6,1,3,1,1,210174.85
154.94,5,1,2,1,1,345716.45
207.66,7,4,1,1,1,429887.78
145.73,7,3,2,1,1,370751.22
126.84,5,2,1,1,1,245116.45
50.05,8,4,2,1,1,121096.02
196.13,7,4,1,1,1,451114.43
120.13,5,2,1,1,1,253633.73
151.98,6,1,3,1,1,375619.65
147.43,4,1,1,1,1,240775.33
81.57,6,2,2,1,1,176594.75
70.98,8,3,3,1,1,162864.7
160.4,6,1,3,1,1,280559.55
162.99,7,2,3,1,1,351151.17
140.66,6,2,2,1,1,301661.23
85.79,8,4,2,1,1,193197.27
159.59,7,2,3,1,1,348424.3
144.42,7,2,3,1,1,318793.08
73.31,8,4,2,1,1,217380.33
83.93,7,2,3,1,1,195424.14
134.54,8,4,2,1,1,308958.65
136.71,7,3,2,1,1,242503.81
55.41,6,1,3,1,1,134750.68
133.36,8,4,2,1,1,302274.46
216.26,6,2,2,1,1,357997.92
112.88,5,2,1,1,1,192198.89
89.98,7,4,1,1,1,236760.86
154.95,8,3,3,1,1,404105.4
63.7,7,4,1,1,1,190316.69
115.64,6,3,1,1,1,258269.6
146.79,6,3,1,1,1,241595.11
173.45,5,2,1,1,1,323703.43
146.78,6,2,2,1,1,301893.91
62.89,8,3,3,1,1,188042.08
204.38,5,1,2,1,1,397237.49
150.91,6,2,2,1,1,364521.7
76.53,9,4,3,1,1,177420.99
49.7,4,1,1,1,1,134060.17
140.45,8,3,3,1,1,257358.34
44.04,6,1,3,1,1,96280.24
146.26,9,4,3,1,1,280017.1
126.55,6,2,2,1,1,229891.13
67.9,7,3,2,1,1,140783.64
105.68,7,4,1,1,1,240028.87
155.14,5,2,1,1,1,341073.24
91.65,6,3,1,1,1,205574.31
94.54,6,3,1,1,1,223925.51
77.69,7,2,3,1,1,194160.37
132.84,6,2,2,1,1,287343.35
137.9,6,3,1,1,1,307054.28
139.18,8,3,3,1,1,307911.7
119.34,6,3,1,1,1,309246.28
125.04,8,4,2,1,1,311194.81
91.69,5,2,1,1,1,165727.27
49.58,6,1,3,1,1,138577.0
161.59,6,2,2,1,1,390461.55
30.21,7,2,3,1,1,114903.88
117.11,4,1,1,1,1,205201.91
66.61,7,4,1,1,1,160417.05
115.73,7,2,3,1,1,208020.2
66.32,6,2,2,1,1,150746.95
76.57,4,1,1,1,1,173978.52
161.31,6,1,3,1,1,273022.91
158.75,7,2,3,1,1,299699.75
125.67,9,4,3,1,1,295785.12
180.26,6,1,3,1,1,271899.7
98.03,7,4,1,1,1,188294.8
141.69,9,4,3,1,1,327979.36
166.71,7,2,3,1,1,314865.77
143.62,7,3,2,1,1,251797.54
152.93,5,2,1,1,1,300079.04
124.35,6,1,3,1,1,242847.45
138.69,7,4,1,1,1,301405.15
116.64,5,2,1,1,1,258940.21
134.65,6,3,1,1,1,296967.79
110.98,8,3,3,1,1,210874.43
84.5,4,1,1,1,1,159508.98
90.55,5,1,2,1,1,183274.82
148.6,4,1,1,1,1,227613.07
121.78,9,4,3,1,1,282534.56
47.61,7,2,3,1,1,142045.57
132.99,6,3,1,1,1,244981.96
123.01,7,3,2,1,1,225989.96
112.03,6,1,3,1,1,239176.59
65.91,5,2,1,1,1,187224.94
93.21,7,2,3,1,1,247862.21
156.83,6,2,2,1,1,360606.19
76.41,8,4,2,1,1,153895.11
140.47,6,2,2,1,1,345609.49
137.03,7,4,1,1,1,342549.32
98.24,4,1,1,1,1,166827.57
61.11,7,3,2,1,1,175827.14
107.6,7,4,1,1,1,219235.84
113.67,6,1,3,1,1,248543.83
123.83,7,4,1,1,1,297980.12
150.56,9,4,3,1,1,281314.81
114.26,9,4,3,1,1,284170.91
133.52,6,2,2,1,1,293353.68
122.33,8,4,2,1,1,207902.6
101.95,7,3,2,1,1,237520.37
74.7,7,4,1,1,1,147401.6
103.14,7,4,1,1,1,209132.62
164.34,5,2,1,1,1,370086.12
176.05,9,4,3,1,1,391491.65
90.83,7,2,3,1,1,240593.09
139.09,7,4,1,1,1,332809.5
150.63,8,3,3,1,1,386484.55
97.97,7,2,3,1,1,202983.82
166.84,7,4,1,1,1,350960.75
194.12,6,2,2,1,1,471616.79
69.14,7,2,3,1,1,164528.4
